name,intercept,estimate,stderror_int,stderror_est,confint_99_low,confint_99_high,intercept_wo_0
combined_model_0_ssp_1yrs,,0.020069387970539743,,0.0014390887864140541,0.016348253175886594,0.023790522765192893,-0.047177392008480146
combined_model_0_pct_1yrs,,0.022477507322189314,,0.0011413355716762418,0.019530821658600456,0.025424192985778173,-0.02151438974919695
combined_model_ssp_1yrs,-0.30476363699577375,0.013766090218460366,0.035161944167223944,0.002487858667741063,0.007333040732383658,0.020199139704537072,-0.047177392008480146
combined_model_pct_1yrs,-0.40192436644337803,0.019868930618115392,0.028104818911729234,0.001984380596953962,0.014745667685397888,0.024992193550832896,-0.02151438974919695
