name,intercept,estimate,stderror_int,stderror_est,confint_99_low,confint_99_high,intercept_wo_0
combined_model_0_ssp_10yrs,,0.022637998499339642,,0.00038864216692727796,0.021632591798847002,0.023643405199832282,-0.0013196594076439472
combined_model_0_pct_10yrs,,0.024746172329450998,,0.00044277645588866273,0.023602832989584988,0.02588951166931701,0.010057243643082803
combined_model_ssp_10yrs,-0.42143579770959716,0.0224521175902896,0.010528690260497624,0.0007618701712772404,0.020481160921952925,0.024423074258626273,-0.0013196594076439472
combined_model_pct_10yrs,-0.4879222897042478,0.02600962488760863,0.01146215482208536,0.0008202716913049614,0.023891508877064985,0.028127740898152277,0.010057243643082803
