RowNames,MPI-ESM1.2-LR,ACCESS-ESM1-5,CanESM5,GISS-E2-1-G,MIROC-ES2L,CESM2,NorESM2-LM,MPI-ESM1.2-LR_ssp126,NorESM2-LM_ssp126,MPI-ESM1.2-LR_ssp585,NorESM2-LM_ssp585
mean_Delta_SCC,0.5035238247043894,0.6288350136219173,0.9583410670742781,0.9613536604673926,1.1073760415894118,1.3631732163728858,1.630410661725053,0.7477492030431445,3.76431291194195,0.21845492827322224,0.951772293356117
std_Delta_SCC,0.1238437592956916,0.15431502200745986,0.2175060769403193,0.23993725443646519,0.2706403006993915,0.329144798840379,0.38249376168998284,0.18712444122945845,0.9428585527737834,0.06026120901441994,0.19812005060997692
